Workbook
Name Slicer_AGE_RANGE: #N/A
Name Slicer_CNT_FAM_MEMBERS: #N/A
Name Slicer_CODE_GENDER: #N/A
Name Slicer_EMPLOYMENT_STATUS: #N/A
Name Slicer_NAME_EDUCATION_TYPE: #N/A
Name Slicer_NAME_FAMILY_STATUS: #N/A
Name Slicer_NAME_HOUSING_TYPE: #N/A
Name Slicer_NAME_INCOME_TYPE: #N/A

Sheet Data
A1: ID | B1: CODE_GENDER | C1: FLAG_OWN_CAR | D1: FLAG_OWN_REALTY | E1: CNT_CHILDREN | F1: AMT_INCOME_TOTAL | G1: NAME_INCOME_TYPE | H1: NAME_EDUCATION_TYPE | I1: NAME_FAMILY_STATUS | J1: NAME_HOUSING_TYPE | K1: DATE_OF_BIRTH | L1: DAYS_BIRTH | M1: AGE | N1: AGE_RANGE | O1: DAYS_EMPLOYED | P1: YEARS_EMPLOYED | Q1: EMPLOYMENT_STATUS | R1: FLAG_MOBIL | S1: FLAG_WORK_PHONE | T1: FLAG_PHONE | U1: FLAG_EMAIL | V1: OCCUPATION_TYPE | W1: CNT_FAM_MEMBERS
A2: 5008814 | B2: F | C2: N | D2: Y | E2: 0 | F2: 283500 | G2: Pensioner | H2: Higher education | I2: Separated | J2: House / apartment | K2: =TODAY()+($L2) -> 23297 | L2: -22464 | M2: =(TODAY()-K2)/365.25 -> 61.50308 | N2: =VLOOKUP(Data!M2,temp!$B$3:$C$9,2,1) -> 60-70 | O2: 365243 | P2: =IF(O2<=0,ABS(O2)/365.25,0) -> 0 | Q2: =IF($O2>0,"Unemployed","Employed") -> Unemployed | R2: 1 | S2: 0 | T2: 0 | U2: 0 | W2: 1
A3: 5008824 | B3: M | C3: Y | D3: Y | E3: 0 | F3: 135000 | G3: Commercial associate | H3: Secondary / secondary special | I3: Married | J3: House / apartment | K3: =TODAY()+($L3) -> 27983 | L3: -17778 | M3: =(TODAY()-K3)/365.25 -> 48.673511 | N3: =VLOOKUP(Data!M3,temp!$B$3:$C$9,2,1) -> 40-50 | O3: -1194 | P3: =IF(O3<=0,ABS(O3)/365.25,0) -> 3.2689938 | Q3: =IF($O3>0,"Unemployed","Employed") -> Employed | R3: 1 | S3: 0 | T3: 0 | U3: 0 | V3: Laborers | W3: 2
A4: 5008847 | B4: M | C4: Y | D4: Y | E4: 0 | F4: 112500 | G4: Commercial associate | H4: Secondary / secondary special | I4: Married | J4: House / apartment | K4: =TODAY()+($L4) -> 25259 | L4: -20502 | M4: =(TODAY()-K4)/365.25 -> 56.131417 | N4: =VLOOKUP(Data!M4,temp!$B$3:$C$9,2,1) -> 50-60 | O4: -4450 | P4: =IF(O4<=0,ABS(O4)/365.25,0) -> 12.183436 | Q4: =IF($O4>0,"Unemployed","Employed") -> Employed | R4: 1 | S4: 0 | T4: 1 | U4: 0 | V4: Drivers | W4: 2
A5: 5008854 | B5: F | C5: Y | D5: Y | E5: 2 | F5: 135000 | G5: Working | H5: Secondary / secondary special | I5: Married | J5: House / apartment | K5: =TODAY()+($L5) -> 30000 | L5: -15761 | M5: =(TODAY()-K5)/365.25 -> 43.151266 | N5: =VLOOKUP(Data!M5,temp!$B$3:$C$9,2,1) -> 40-50 | O5: -3173 | P5: =IF(O5<=0,ABS(O5)/365.25,0) -> 8.6872005 | Q5: =IF($O5>0,"Unemployed","Employed") -> Employed | R5: 1 | S5: 0 | T5: 0 | U5: 0 | V5: Laborers | W5: 4
A6: 5008856 | B6: F | C6: Y | D6: Y | E6: 2 | F6: 135000 | G6: Working | H6: Secondary / secondary special | I6: Married | J6: House / apartment | K6: =TODAY()+($L6) -> 30000 | L6: -15761 | M6: =(TODAY()-K6)/365.25 -> 43.151266 | N6: =VLOOKUP(Data!M6,temp!$B$3:$C$9,2,1) -> 40-50 | O6: -3173 | P6: =IF(O6<=0,ABS(O6)/365.25,0) -> 8.6872005 | Q6: =IF($O6>0,"Unemployed","Employed") -> Employed | R6: 1 | S6: 0 | T6: 0 | U6: 0 | V6: Laborers | W6: 4
A7: 5008863 | B7: F | C7: Y | D7: Y | E7: 2 | F7: 135000 | G7: Working | H7: Secondary / secondary special | I7: Married | J7: House / apartment | K7: =TODAY()+($L7) -> 30000 | L7: -15761 | M7: =(TODAY()-K7)/365.25 -> 43.151266 | N7: =VLOOKUP(Data!M7,temp!$B$3:$C$9,2,1) -> 40-50 | O7: -3173 | P7: =IF(O7<=0,ABS(O7)/365.25,0) -> 8.6872005 | Q7: =IF($O7>0,"Unemployed","Employed") -> Employed | R7: 1 | S7: 0 | T7: 0 | U7: 0 | V7: Laborers | W7: 4
A8: 5008865 | B8: F | C8: Y | D8: Y | E8: 2 | F8: 135000 | G8: Working | H8: Secondary / secondary special | I8: Married | J8: House / apartment | K8: =TODAY()+($L8) -> 30000 | L8: -15761 | M8: =(TODAY()-K8)/365.25 -> 43.151266 | N8: =VLOOKUP(Data!M8,temp!$B$3:$C$9,2,1) -> 40-50 | O8: -3173 | P8: =IF(O8<=0,ABS(O8)/365.25,0) -> 8.6872005 | Q8: =IF($O8>0,"Unemployed","Employed") -> Employed | R8: 1 | S8: 0 | T8: 0 | U8: 0 | V8: Laborers | W8: 4
A9: 5008875 | B9: F | C9: N | D9: Y | E9: 2 | F9: 126000 | G9: Commercial associate | H9: Higher education | I9: Married | J9: House / apartment | K9: =TODAY()+($L9) -> 33350 | L9: -12411 | M9: =(TODAY()-K9)/365.25 -> 33.979466 | N9: =VLOOKUP(Data!M9,temp!$B$3:$C$9,2,1) -> 30-40 | O9: -1773 | P9: =IF(O9<=0,ABS(O9)/365.25,0) -> 4.8542094 | Q9: =IF($O9>0,"Unemployed","Employed") -> Employed | R9: 1 | S9: 0 | T9: 0 | U9: 1 | V9: Managers | W9: 4
A10: 5008877 | B10: F | C10: N | D10: Y | E10: 2 | F10: 126000 | G10: Commercial associate | H10: Higher education | I10: Married | J10: House / apartment | K10: =TODAY()+($L10) -> 33350 | L10: -12411 | M10: =(TODAY()-K10)/365.25 -> 33.979466 | N10: =VLOOKUP(Data!M10,temp!$B$3:$C$9,2,1) -> 30-40 | O10: -1773 | P10: =IF(O10<=0,ABS(O10)/365.25,0) -> 4.8542094 | Q10: =IF($O10>0,"Unemployed","Employed") -> Employed | R10: 1 | S10: 0 | T10: 0 | U10: 1 | V10: Managers | W10: 4
A11: 5008892 | B11: F | C11: N | D11: Y | E11: 0 | F11: 297000 | G11: Commercial associate | H11: Secondary / secondary special | I11: Single / not married | J11: Rented apartment | K11: =TODAY()+($L11) -> 30242 | L11: -15519 | M11: =(TODAY()-K11)/365.25 -> 42.488706 | N11: =VLOOKUP(Data!M11,temp!$B$3:$C$9,2,1) -> 40-50 | O11: -3234 | P11: =IF(O11<=0,ABS(O11)/365.25,0) -> 8.8542094 | Q11: =IF($O11>0,"Unemployed","Employed") -> Employed | R11: 1 | S11: 0 | T11: 0 | U11: 0 | V11: Laborers | W11: 1
A12: 5008893 | B12: F | C12: N | D12: Y | E12: 0 | F12: 297000 | G12: Commercial associate | H12: Secondary / secondary special | I12: Single / not married | J12: Rented apartment | K12: =TODAY()+($L12) -> 30242 | L12: -15519 | M12: =(TODAY()-K12)/365.25 -> 42.488706 | N12: =VLOOKUP(Data!M12,temp!$B$3:$C$9,2,1) -> 40-50 | O12: -3234 | P12: =IF(O12<=0,ABS(O12)/365.25,0) -> 8.8542094 | Q12: =IF($O12>0,"Unemployed","Employed") -> Employed | R12: 1 | S12: 0 | T12: 0 | U12: 0 | V12: Laborers | W12: 1
A13: 5008896 | B13: F | C13: N | D13: Y | E13: 0 | F13: 297000 | G13: Commercial associate | H13: Secondary / secondary special | I13: Single / not married | J13: Rented apartment | K13: =TODAY()+($L13) -> 30242 | L13: -15519 | M13: =(TODAY()-K13)/365.25 -> 42.488706 | N13: =VLOOKUP(Data!M13,temp!$B$3:$C$9,2,1) -> 40-50 | O13: -3234 | P13: =IF(O13<=0,ABS(O13)/365.25,0) -> 8.8542094 | Q13: =IF($O13>0,"Unemployed","Employed") -> Employed | R13: 1 | S13: 0 | T13: 0 | U13: 0 | V13: Laborers | W13: 1
A14: 5008900 | B14: F | C14: N | D14: Y | E14: 0 | F14: 297000 | G14: Commercial associate | H14: Secondary / secondary special | I14: Single / not married | J14: Rented apartment | K14: =TODAY()+($L14) -> 30242 | L14: -15519 | M14: =(TODAY()-K14)/365.25 -> 42.488706 | N14: =VLOOKUP(Data!M14,temp!$B$3:$C$9,2,1) -> 40-50 | O14: -3234 | P14: =IF(O14<=0,ABS(O14)/365.25,0) -> 8.8542094 | Q14: =IF($O14>0,"Unemployed","Employed") -> Employed | R14: 1 | S14: 0 | T14: 0 | U14: 0 | V14: Laborers | W14: 1
... A20: 5008937 | B20: F | C20: N | D20: Y | E20: 0 | F20: 297000 | G20: Commercial associate | H20: Secondary / secondary special | I20: Single / not married | J20: Rented apartment | K20: =TODAY()+($L20) -> 30242 | L20: -15519 | M20: =(TODAY()-K20)/365.25 -> 42.488706 | N20: =VLOOKUP(Data!M20,temp!$B$3:$C$9,2,1) -> 40-50 | O20: -3234 | P20: =IF(O20<=0,ABS(O20)/365.25,0) -> 8.8542094 | Q20: =IF($O20>0,"Unemployed","Employed") -> Employed | R20: 1 | S20: 0 | T20: 0 | U20: 0 | V20: Laborers | W20: 1
A21: 5008973 | B21: M | C21: N | D21: Y | E21: 0 | F21: 157500 | G21: Working | H21: Secondary / secondary special | I21: Married | J21: House / apartment | K21: =TODAY()+($L21) -> 29734 | L21: -16027 | M21: =(TODAY()-K21)/365.25 -> 43.879535 | N21: =VLOOKUP(Data!M21,temp!$B$3:$C$9,2,1) -> 40-50 | O21: -889 | P21: =IF(O21<=0,ABS(O21)/365.25,0) -> 2.4339493 | Q21: =IF($O21>0,"Unemployed","Employed") -> Employed | R21: 1 | S21: 0 | T21: 1 | U21: 0 | W21: 2
A22: 5008978 | B22: F | C22: N | D22: Y | E22: 0 | F22: 112500 | G22: Pensioner | H22: Secondary / secondary special | I22: Married | J22: House / apartment | K22: =TODAY()+($L22) -> 23442 | L22: -22319 | M22: =(TODAY()-K22)/365.25 -> 61.106092 | N22: =VLOOKUP(Data!M22,temp!$B$3:$C$9,2,1) -> 60-70 | O22: 365243 | P22: =IF(O22<=0,ABS(O22)/365.25,0) -> 0 | Q22: =IF($O22>0,"Unemployed","Employed") -> Unemployed | R22: 1 | S22: 0 | T22: 0 | U22: 0 | W22: 2
A23: 5008986 | B23: M | C23: Y | D23: Y | E23: 0 | F23: 112500 | G23: State servant | H23: Secondary / secondary special | I23: Married | J23: House / apartment | K23: =TODAY()+($L23) -> 24887 | L23: -20874 | M23: =(TODAY()-K23)/365.25 -> 57.149897 | N23: =VLOOKUP(Data!M23,temp!$B$3:$C$9,2,1) -> 50-60 | O23: -2381 | P23: =IF(O23<=0,ABS(O23)/365.25,0) -> 6.5188227 | Q23: =IF($O23>0,"Unemployed","Employed") -> Employed | R23: 1 | S23: 0 | T23: 1 | U23: 0 | V23: Drivers | W23: 2
A24: 5009005 | B24: M | C24: N | D24: Y | E24: 0 | F24: 166500 | G24: Working | H24: Secondary / secondary special | I24: Married | J24: House / apartment | K24: =TODAY()+($L24) -> 26835 | L24: -18926 | M24: =(TODAY()-K24)/365.25 -> 51.816564 | N24: =VLOOKUP(Data!M24,temp!$B$3:$C$9,2,1) -> 50-60 | O24: -6276 | P24: =IF(O24<=0,ABS(O24)/365.25,0) -> 17.182752 | Q24: =IF($O24>0,"Unemployed","Employed") -> Employed | R24: 1 | S24: 1 | T24: 1 | U24: 0 | V24: Laborers | W24: 2
A25: 5009006 | B25: M | C25: N | D25: Y | E25: 0 | F25: 166500 | G25: Working | H25: Secondary / secondary special | I25: Married | J25: House / apartment | K25: =TODAY()+($L25) -> 26835 | L25: -18926 | M25: =(TODAY()-K25)/365.25 -> 51.816564 | N25: =VLOOKUP(Data!M25,temp!$B$3:$C$9,2,1) -> 50-60 | O25: -6276 | P25: =IF(O25<=0,ABS(O25)/365.25,0) -> 17.182752 | Q25: =IF($O25>0,"Unemployed","Employed") -> Employed | R25: 1 | S25: 1 | T25: 1 | U25: 0 | V25: Laborers | W25: 2
A26: 5009009 | B26: M | C26: N | D26: Y | E26: 0 | F26: 166500 | G26: Working | H26: Secondary / secondary special | I26: Married | J26: House / apartment | K26: =TODAY()+($L26) -> 26835 | L26: -18926 | M26: =(TODAY()-K26)/365.25 -> 51.816564 | N26: =VLOOKUP(Data!M26,temp!$B$3:$C$9,2,1) -> 50-60 | O26: -6276 | P26: =IF(O26<=0,ABS(O26)/365.25,0) -> 17.182752 | Q26: =IF($O26>0,"Unemployed","Employed") -> Employed | R26: 1 | S26: 1 | T26: 1 | U26: 0 | V26: Laborers | W26: 2
A27: 5009014 | B27: M | C27: N | D27: Y | E27: 0 | F27: 166500 | G27: Working | H27: Secondary / secondary special | I27: Married | J27: House / apartment | K27: =TODAY()+($L27) -> 26835 | L27: -18926 | M27: =(TODAY()-K27)/365.25 -> 51.816564 | N27: =VLOOKUP(Data!M27,temp!$B$3:$C$9,2,1) -> 50-60 | O27: -6276 | P27: =IF(O27<=0,ABS(O27)/365.25,0) -> 17.182752 | Q27: =IF($O27>0,"Unemployed","Employed") -> Employed | R27: 1 | S27: 1 | T27: 1 | U27: 0 | V27: Laborers | W27: 2
A28: 5009025 | B28: F | C28: N | D28: Y | E28: 2 | F28: 216000 | G28: State servant | H28: Higher education | I28: Married | J28: House / apartment | K28: =TODAY()+($L28) -> 30317 | L28: -15444 | M28: =(TODAY()-K28)/365.25 -> 42.283368 | N28: =VLOOKUP(Data!M28,temp!$B$3:$C$9,2,1) -> 40-50 | O28: -3112 | P28: =IF(O28<=0,ABS(O28)/365.25,0) -> 8.5201916 | Q28: =IF($O28>0,"Unemployed","Employed") -> Employed | R28: 1 | S28: 0 | T28: 0 | U28: 1 | W28: 4
A29: 5009029 | B29: F | C29: Y | D29: Y | E29: 0 | F29: 225000 | G29: Commercial associate | H29: Secondary / secondary special | I29: Married | J29: House / apartment | K29: =TODAY()+($L29) -> 31311 | L29: -14450 | M29: =(TODAY()-K29)/365.25 -> 39.561944 | N29: =VLOOKUP(Data!M29,temp!$B$3:$C$9,2,1) -> 30-40 | O29: -2777 | P29: =IF(O29<=0,ABS(O29)/365.25,0) -> 7.6030116 | Q29: =IF($O29>0,"Unemployed","Employed") -> Employed | R29: 1 | S29: 0 | T29: 0 | U29: 0 | V29: Laborers | W29: 2
A30: 5009033 | B30: F | C30: N | D30: N | E30: 0 | F30: 255150 | G30: Pensioner | H30: Incomplete higher | I30: Civil marriage | J30: Rented apartment | K30: =TODAY()+($L30) -> 27079 | L30: -18682 | M30: =(TODAY()-K30)/365.25 -> 51.148528 | N30: =VLOOKUP(Data!M30,temp!$B$3:$C$9,2,1) -> 50-60 | O30: 365243 | P30: =IF(O30<=0,ABS(O30)/365.25,0) -> 0 | Q30: =IF($O30>0,"Unemployed","Employed") -> Unemployed | R30: 1 | S30: 0 | T30: 0 | U30: 0 | W30: 2
A31: 5009036 | B31: F | C31: N | D31: N | E31: 0 | F31: 255150 | G31: Pensioner | H31: Incomplete higher | I31: Civil marriage | J31: Rented apartment | K31: =TODAY()+($L31) -> 27079 | L31: -18682 | M31: =(TODAY()-K31)/365.25 -> 51.148528 | N31: =VLOOKUP(Data!M31,temp!$B$3:$C$9,2,1) -> 50-60 | O31: 365243 | P31: =IF(O31<=0,ABS(O31)/365.25,0) -> 0 | Q31: =IF($O31>0,"Unemployed","Employed") -> Unemployed | R31: 1 | S31: 0 | T31: 0 | U31: 0 | W31: 2
A32: 5009038 | B32: F | C32: N | D32: N | E32: 0 | F32: 255150 | G32: Pensioner | H32: Incomplete higher | I32: Civil marriage | J32: Rented apartment | K32: =TODAY()+($L32) -> 27079 | L32: -18682 | M32: =(TODAY()-K32)/365.25 -> 51.148528 | N32: =VLOOKUP(Data!M32,temp!$B$3:$C$9,2,1) -> 50-60 | O32: 365243 | P32: =IF(O32<=0,ABS(O32)/365.25,0) -> 0 | Q32: =IF($O32>0,"Unemployed","Employed") -> Unemployed | R32: 1 | S32: 0 | T32: 0 | U32: 0 | W32: 2
A33: 5009046 | B33: F | C33: N | D33: Y | E33: 0 | F33: 148500 | G33: Working | H33: Higher education | I33: Married | J33: House / apartment | K33: =TODAY()+($L33) -> 28120 | L33: -17641 | M33: =(TODAY()-K33)/365.25 -> 48.298426 | N33: =VLOOKUP(Data!M33,temp!$B$3:$C$9,2,1) -> 40-50 | O33: -889 | P33: =IF(O33<=0,ABS(O33)/365.25,0) -> 2.4339493 | Q33: =IF($O33>0,"Unemployed","Employed") -> Employed | R33: 1 | S33: 0 | T33: 0 | U33: 0 | V33: Core staff | W33: 2
A34: 5009052 | B34: F | C34: N | D34: Y | E34: 2 | F34: 202500 | G34: Working | H34: Higher education | I34: Married | J34: House / apartment | K34: =TODAY()+($L34) -> 34764 | L34: -10997 | M34: =(TODAY()-K34)/365.25 -> 30.108145 | N34: =VLOOKUP(Data!M34,temp!$B$3:$C$9,2,1) -> 30-40 | O34: -2289 | P34: =IF(O34<=0,ABS(O34)/365.25,0) -> 6.2669405 | Q34: =IF($O34>0,"Unemployed","Employed") -> Employed | R34: 1 | S34: 0 | T34: 0 | U34: 1 | V34: Core staff | W34: 4
A35: 5009056 | B35: M | C35: N | D35: Y | E35: 0 | F35: 202500 | G35: Working | H35: Secondary / secondary special | I35: Single / not married | J35: House / apartment | K35: =TODAY()+($L35) -> 36900 | L35: -8861 | M35: =(TODAY()-K35)/365.25 -> 24.260096 | N35: =VLOOKUP(Data!M35,temp!$B$3:$C$9,2,1) -> 20-30 | O35: -889 | P35: =IF(O35<=0,ABS(O35)/365.25,0) -> 2.4339493 | Q35: =IF($O35>0,"Unemployed","Employed") -> Employed | R35: 1 | S35: 1 | T35: 0 | U35: 0 | V35: Drivers | W35: 1
A36: 5009065 | B36: M | C36: Y | D36: Y | E36: 0 | F36: 315000 | G36: Working | H36: Secondary / secondary special | I36: Civil marriage | J36: House / apartment | K36: =TODAY()+($L36) -> 35311 | L36: -10450 | M36: =(TODAY()-K36)/365.25 -> 28.610541 | N36: =VLOOKUP(Data!M36,temp!$B$3:$C$9,2,1) -> 20-30 | O36: -2077 | P36: =IF(O36<=0,ABS(O36)/365.25,0) -> 5.6865161 | Q36: =IF($O36>0,"Unemployed","Employed") -> Employed | R36: 1 | S36: 0 | T36: 0 | U36: 0 | V36: Sales staff | W36: 2
A37: 5009066 | B37: M | C37: Y | D37: Y | E37: 0 | F37: 315000 | G37: Working | H37: Secondary / secondary special | I37: Civil marriage | J37: House / apartment | K37: =TODAY()+($L37) -> 35311 | L37: -10450 | M37: =(TODAY()-K37)/365.25 -> 28.610541 | N37: =VLOOKUP(Data!M37,temp!$B$3:$C$9,2,1) -> 20-30 | O37: -2077 | P37: =IF(O37<=0,ABS(O37)/365.25,0) -> 5.6865161 | Q37: =IF($O37>0,"Unemployed","Employed") -> Employed | R37: 1 | S37: 0 | T37: 0 | U37: 0 | V37: Sales staff | W37: 2
A38: 5009070 | B38: M | C38: Y | D38: Y | E38: 0 | F38: 315000 | G38: Working | H38: Secondary / secondary special | I38: Civil marriage | J38: House / apartment | K38: =TODAY()+($L38) -> 35311 | L38: -10450 | M38: =(TODAY()-K38)/365.25 -> 28.610541 | N38: =VLOOKUP(Data!M38,temp!$B$3:$C$9,2,1) -> 20-30 | O38: -2077 | P38: =IF(O38<=0,ABS(O38)/365.25,0) -> 5.6865161 | Q38: =IF($O38>0,"Unemployed","Employed") -> Employed | R38: 1 | S38: 0 | T38: 0 | U38: 0 | V38: Sales staff | W38: 2
A39: 5009081 | B39: F | C39: N | D39: Y | E39: 0 | F39: 112500 | G39: Working | H39: Higher education | I39: Civil marriage | J39: House / apartment | K39: =TODAY()+($L39) -> 35697 | L39: -10064 | M39: =(TODAY()-K39)/365.25 -> 27.55373 | N39: =VLOOKUP(Data!M39,temp!$B$3:$C$9,2,1) -> 20-30 | O39: -3173 | P39: =IF(O39<=0,ABS(O39)/365.25,0) -> 8.6872005 | Q39: =IF($O39>0,"Unemployed","Employed") -> Employed | R39: 1 | S39: 0 | T39: 0 | U39: 1 | V39: Laborers | W39: 2
A40: 5009094 | B40: M | C40: Y | D40: Y | E40: 1 | F40: 765000 | G40: Working | H40: Higher education | I40: Married | J40: House / apartment | K40: =TODAY()+($L40) -> 33564 | L40: -12197 | M40: =(TODAY()-K40)/365.25 -> 33.393566 | N40: =VLOOKUP(Data!M40,temp!$B$3:$C$9,2,1) -> 30-40 | O40: -1194 | P40: =IF(O40<=0,ABS(O40)/365.25,0) -> 3.2689938 | Q40: =IF($O40>0,"Unemployed","Employed") -> Employed | R40: 1 | S40: 1 | T40: 0 | U40: 0 | V40: Managers | W40: 3
A41: 5009108 | B41: M | C41: N | D41: Y | E41: 0 | F41: 360000 | G41: Commercial associate | H41: Secondary / secondary special | I41: Married | J41: House / apartment | K41: =TODAY()+($L41) -> 30440 | L41: -15321 | M41: =(TODAY()-K41)/365.25 -> 41.946612 | N41: =VLOOKUP(Data!M41,temp!$B$3:$C$9,2,1) -> 40-50 | O41: -2747 | P41: =IF(O41<=0,ABS(O41)/365.25,0) -> 7.5208761 | Q41: =IF($O41>0,"Unemployed","Employed") -> Employed | R41: 1 | S41: 0 | T41: 0 | U41: 0 | V41: Security staff | W41: 2
A42: 5009125 | B42: F | C42: N | D42: N | E42: 0 | F42: 157500 | G42: Commercial associate | H42: Higher education | I42: Separated | J42: With parents | K42: =TODAY()+($L42) -> 30024 | L42: -15737 | M42: =(TODAY()-K42)/365.25 -> 43.085558 | N42: =VLOOKUP(Data!M42,temp!$B$3:$C$9,2,1) -> 40-50 | O42: -432 | P42: =IF(O42<=0,ABS(O42)/365.25,0) -> 1.1827515 | Q42: =IF($O42>0,"Unemployed","Employed") -> Employed | R42: 1 | S42: 0 | T42: 0 | U42: 0 | W42: 1
A43: 5009133 | B43: M | C43: N | D43: Y | E43: 0 | F43: 382500 | G43: Pensioner | H43: Secondary / secondary special | I43: Widow | J43: House / apartment | K43: =TODAY()+($L43) -> 24088 | L43: -21673 | M43: =(TODAY()-K43)/365.25 -> 59.33744 | N43: =VLOOKUP(Data!M43,temp!$B$3:$C$9,2,1) -> 50-60 | O43: 365243 | P43: =IF(O43<=0,ABS(O43)/365.25,0) -> 0 | Q43: =IF($O43>0,"Unemployed","Employed") -> Unemployed | R43: 1 | S43: 0 | T43: 0 | U43: 0 | W43: 1
A44: 5009138 | B44: M | C44: N | D44: Y | E44: 0 | F44: 382500 | G44: Pensioner | H44: Secondary / secondary special | I44: Widow | J44: House / apartment | K44: =TODAY()+($L44) -> 24088 | L44: -21673 | M44: =(TODAY()-K44)/365.25 -> 59.33744 | N44: =VLOOKUP(Data!M44,temp!$B$3:$C$9,2,1) -> 50-60 | O44: 365243 | P44: =IF(O44<=0,ABS(O44)/365.25,0) -> 0 | Q44: =IF($O44>0,"Unemployed","Employed") -> Unemployed | R44: 1 | S44: 0 | T44: 0 | U44: 0 | W44: 1
A45: 5009141 | B45: F | C45: N | D45: N | E45: 0 | F45: 135000 | G45: Working | H45: Secondary / secondary special | I45: Civil marriage | J45: House / apartment | K45: =TODAY()+($L45) -> 36104 | L45: -9657 | M45: =(TODAY()-K45)/365.25 -> 26.439425 | N45: =VLOOKUP(Data!M45,temp!$B$3:$C$9,2,1) -> 20-30 | O45: -1560 | P45: =IF(O45<=0,ABS(O45)/365.25,0) -> 4.2710472 | Q45: =IF($O45>0,"Unemployed","Employed") -> Employed | R45: 1 | S45: 1 | T45: 1 | U45: 0 | V45: Managers | W45: 2
A46: 5009149 | B46: M | C46: Y | D46: N | E46: 0 | F46: 315000 | G46: Working | H46: Higher education | I46: Married | J46: House / apartment | K46: =TODAY()+($L46) -> 29936 | L46: -15825 | M46: =(TODAY()-K46)/365.25 -> 43.326489 | N46: =VLOOKUP(Data!M46,temp!$B$3:$C$9,2,1) -> 40-50 | O46: -3720 | P46: =IF(O46<=0,ABS(O46)/365.25,0) -> 10.184805 | Q46: =IF($O46>0,"Unemployed","Employed") -> Employed | R46: 1 | S46: 1 | T46: 1 | U46: 0 | V46: Managers | W46: 2
A47: 5009159 | B47: F | C47: N | D47: N | E47: 0 | F47: 180000 | G47: Working | H47: Secondary / secondary special | I47: Married | J47: House / apartment | K47: =TODAY()+($L47) -> 26186 | L47: -19575 | M47: =(TODAY()-K47)/365.25 -> 53.593429 | N47: =VLOOKUP(Data!M47,temp!$B$3:$C$9,2,1) -> 50-60 | O47: -2901 | P47: =IF(O47<=0,ABS(O47)/365.25,0) -> 7.9425051 | Q47: =IF($O47>0,"Unemployed","Employed") -> Employed | R47: 1 | S47: 0 | T47: 0 | U47: 0 | V47: Sales staff | W47: 2
A48: 5009183 | B48: M | C48: Y | D48: N | E48: 0 | F48: 229500 | G48: Working | H48: Incomplete higher | I48: Married | J48: Co-op apartment | K48: =TODAY()+($L48) -> 27436 | L48: -18325 | M48: =(TODAY()-K48)/365.25 -> 50.171116 | N48: =VLOOKUP(Data!M48,temp!$B$3:$C$9,2,1) -> 50-60 | O48: -1256 | P48: =IF(O48<=0,ABS(O48)/365.25,0) -> 3.4387406 | Q48: =IF($O48>0,"Unemployed","Employed") -> Employed | R48: 1 | S48: 0 | T48: 0 | U48: 0 | V48: Laborers | W48: 2
A49: 5009188 | B49: F | C49: N | D49: N | E49: 0 | F49: 270000 | G49: Working | H49: Higher education | I49: Married | J49: House / apartment | K49: =TODAY()+($L49) -> 28188 | L49: -17573 | M49: =(TODAY()-K49)/365.25 -> 48.112252 | N49: =VLOOKUP(Data!M49,temp!$B$3:$C$9,2,1) -> 40-50 | O49: -5792 | P49: =IF(O49<=0,ABS(O49)/365.25,0) -> 15.857632 | Q49: =IF($O49>0,"Unemployed","Employed") -> Employed | R49: 1 | S49: 1 | T49: 1 | U49: 0 | V49: Managers | W49: 2
A50: 5009189 | B50: F | C50: N | D50: N | E50: 0 | F50: 270000 | G50: Working | H50: Higher education | I50: Married | J50: House / apartment | K50: =TODAY()+($L50) -> 28188 | L50: -17573 | M50: =(TODAY()-K50)/365.25 -> 48.112252 | N50: =VLOOKUP(Data!M50,temp!$B$3:$C$9,2,1) -> 40-50 | O50: -5792 | P50: =IF(O50<=0,ABS(O50)/365.25,0) -> 15.857632 | Q50: =IF($O50>0,"Unemployed","Employed") -> Employed | R50: 1 | S50: 1 | T50: 1 | U50: 0 | V50: Managers | W50: 2
A51: 5009201 | B51: F | C51: N | D51: N | E51: 0 | F51: 292500 | G51: State servant | H51: Secondary / secondary special | I51: Married | J51: House / apartment | K51: =TODAY()+($L51) -> 24808 | L51: -20953 | M51: =(TODAY()-K51)/365.25 -> 57.366188 | N51: =VLOOKUP(Data!M51,temp!$B$3:$C$9,2,1) -> 50-60 | O51: -8684 | P51: =IF(O51<=0,ABS(O51)/365.25,0) -> 23.775496 | Q51: =IF($O51>0,"Unemployed","Employed") -> Employed | R51: 1 | S51: 1 | T51: 1 | U51: 0 | V51: Accountants | W51: 2
A52: 5009215 | B52: F | C52: N | D52: N | E52: 0 | F52: 270000 | G52: Working | H52: Higher education | I52: Married | J52: House / apartment | K52: =TODAY()+($L52) -> 33428 | L52: -12333 | M52: =(TODAY()-K52)/365.25 -> 33.765914 | N52: =VLOOKUP(Data!M52,temp!$B$3:$C$9,2,1) -> 30-40 | O52: -860 | P52: =IF(O52<=0,ABS(O52)/365.25,0) -> 2.3545517 | Q52: =IF($O52>0,"Unemployed","Employed") -> Employed | R52: 1 | S52: 1 | T52: 1 | U52: 0 | V52: Accountants | W52: 2
A53: 5009243 | B53: F | C53: N | D53: N | E53: 0 | F53: 74250 | G53: Working | H53: Higher education | I53: Separated | J53: Municipal apartment | K53: =TODAY()+($L53) -> 26679 | L53: -19082 | M53: =(TODAY()-K53)/365.25 -> 52.243669 | N53: =VLOOKUP(Data!M53,temp!$B$3:$C$9,2,1) -> 50-60 | O53: -5243 | P53: =IF(O53<=0,ABS(O53)/365.25,0) -> 14.354552 | Q53: =IF($O53>0,"Unemployed","Employed") -> Employed | R53: 1 | S53: 0 | T53: 1 | U53: 0 | V53: Core staff | W53: 1
A54: 5009249 | B54: M | C54: Y | D54: N | E54: 1 | F54: 135000 | G54: Working | H54: Secondary / secondary special | I54: Married | J54: House / apartment | K54: =TODAY()+($L54) -> 35804 | L54: -9957 | M54: =(TODAY()-K54)/365.25 -> 27.26078 | N54: =VLOOKUP(Data!M54,temp!$B$3:$C$9,2,1) -> 20-30 | O54: -921 | P54: =IF(O54<=0,ABS(O54)/365.25,0) -> 2.5215606 | Q54: =IF($O54>0,"Unemployed","Employed") -> Employed | R54: 1 | S54: 1 | T54: 0 | U54: 0 | V54: Drivers | W54: 3
A55: 5009265 | B55: M | C55: Y | D55: N | E55: 0 | F55: 337500 | G55: State servant | H55: Higher education | I55: Married | J55: With parents | K55: =TODAY()+($L55) -> 35495 | L55: -10266 | M55: =(TODAY()-K55)/365.25 -> 28.106776 | N55: =VLOOKUP(Data!M55,temp!$B$3:$C$9,2,1) -> 20-30 | O55: -1652 | P55: =IF(O55<=0,ABS(O55)/365.25,0) -> 4.5229295 | Q55: =IF($O55>0,"Unemployed","Employed") -> Employed | R55: 1 | S55: 1 | T55: 1 | U55: 0 | V55: Managers | W55: 2
A56: 5009266 | B56: M | C56: Y | D56: N | E56: 0 | F56: 337500 | G56: State servant | H56: Higher education | I56: Married | J56: With parents | K56: =TODAY()+($L56) -> 35495 | L56: -10266 | M56: =(TODAY()-K56)/365.25 -> 28.106776 | N56: =VLOOKUP(Data!M56,temp!$B$3:$C$9,2,1) -> 20-30 | O56: -1652 | P56: =IF(O56<=0,ABS(O56)/365.25,0) -> 4.5229295 | Q56: =IF($O56>0,"Unemployed","Employed") -> Employed | R56: 1 | S56: 1 | T56: 1 | U56: 0 | V56: Managers | W56: 2
... A59: 5009293 | B59: F | C59: N | D59: N | E59: 0 | F59: 130500 | G59: Working | H59: Secondary / secondary special | I59: Civil marriage | J59: House / apartment | K59: =TODAY()+($L59) -> 30621 | L59: -15140 | M59: =(TODAY()-K59)/365.25 -> 41.451061 | N59: =VLOOKUP(Data!M59,temp!$B$3:$C$9,2,1) -> 40-50 | O59: -4816 | P59: =IF(O59<=0,ABS(O59)/365.25,0) -> 13.185489 | Q59: =IF($O59>0,"Unemployed","Employed") -> Employed | R59: 1 | S59: 0 | T59: 1 | U59: 0 | V59: Cleaning staff | W59: 2
A60: 5009295 | B60: F | C60: N | D60: N | E60: 0 | F60: 144000 | G60: Pensioner | H60: Secondary / secondary special | I60: Married | J60: House / apartment | K60: =TODAY()+($L60) -> 24720 | L60: -21041 | M60: =(TODAY()-K60)/365.25 -> 57.607118 | N60: =VLOOKUP(Data!M60,temp!$B$3:$C$9,2,1) -> 50-60 | O60: 365243 | P60: =IF(O60<=0,ABS(O60)/365.25,0) -> 0 | Q60: =IF($O60>0,"Unemployed","Employed") -> Unemployed | R60: 1 | S60: 0 | T60: 1 | U60: 0 | W60: 2
A61: 5009296 | B61: F | C61: N | D61: N | E61: 0 | F61: 144000 | G61: Pensioner | H61: Secondary / secondary special | I61: Married | J61: House / apartment | K61: =TODAY()+($L61) -> 24720 | L61: -21041 | M61: =(TODAY()-K61)/365.25 -> 57.607118 | N61: =VLOOKUP(Data!M61,temp!$B$3:$C$9,2,1) -> 50-60 | O61: 365243 | P61: =IF(O61<=0,ABS(O61)/365.25,0) -> 0 | Q61: =IF($O61>0,"Unemployed","Employed") -> Unemployed | R61: 1 | S61: 0 | T61: 1 | U61: 0 | W61: 2
A62: 5009309 | B62: F | C62: Y | D62: N | E62: 0 | F62: 135000 | G62: Pensioner | H62: Secondary / secondary special | I62: Married | J62: House / apartment | K62: =TODAY()+($L62) -> 25621 | L62: -20140 | M62: =(TODAY()-K62)/365.25 -> 55.140315 | N62: =VLOOKUP(Data!M62,temp!$B$3:$C$9,2,1) -> 50-60 | O62: 365243 | P62: =IF(O62<=0,ABS(O62)/365.25,0) -> 0 | Q62: =IF($O62>0,"Unemployed","Employed") -> Unemployed | R62: 1 | S62: 0 | T62: 1 | U62: 1 | W62: 2
A63: 5009325 | B63: M | C63: Y | D63: N | E63: 0 | F63: 267750 | G63: Working | H63: Higher education | I63: Married | J63: House / apartment | K63: =TODAY()+($L63) -> 24770 | L63: -20991 | M63: =(TODAY()-K63)/365.25 -> 57.470226 | N63: =VLOOKUP(Data!M63,temp!$B$3:$C$9,2,1) -> 50-60 | O63: -4727 | P63: =IF(O63<=0,ABS(O63)/365.25,0) -> 12.941821 | Q63: =IF($O63>0,"Unemployed","Employed") -> Employed | R63: 1 | S63: 0 | T63: 1 | U63: 0 | V63: Laborers | W63: 2
A64: 5009331 | B64: M | C64: Y | D64: N | E64: 0 | F64: 267750 | G64: Working | H64: Higher education | I64: Married | J64: House / apartment | K64: =TODAY()+($L64) -> 24770 | L64: -20991 | M64: =(TODAY()-K64)/365.25 -> 57.470226 | N64: =VLOOKUP(Data!M64,temp!$B$3:$C$9,2,1) -> 50-60 | O64: -4727 | P64: =IF(O64<=0,ABS(O64)/365.25,0) -> 12.941821 | Q64: =IF($O64>0,"Unemployed","Employed") -> Employed | R64: 1 | S64: 0 | T64: 1 | U64: 0 | V64: Laborers | W64: 2
A65: 5009336 | B65: F | C65: N | D65: N | E65: 0 | F65: 139500 | G65: Working | H65: Higher education | I65: Separated | J65: House / apartment | K65: =TODAY()+($L65) -> 29558 | L65: -16203 | M65: =(TODAY()-K65)/365.25 -> 44.361396 | N65: =VLOOKUP(Data!M65,temp!$B$3:$C$9,2,1) -> 40-50 | O65: -7100 | P65: =IF(O65<=0,ABS(O65)/365.25,0) -> 19.438741 | Q65: =IF($O65>0,"Unemployed","Employed") -> Employed | R65: 1 | S65: 0 | T65: 0 | U65: 0 | V65: Managers | W65: 1
A66: 5009341 | B66: M | C66: Y | D66: N | E66: 0 | F66: 252000 | G66: Working | H66: Secondary / secondary special | I66: Married | J66: House / apartment | K66: =TODAY()+($L66) -> 35011 | L66: -10750 | M66: =(TODAY()-K66)/365.25 -> 29.431896 | N66: =VLOOKUP(Data!M66,temp!$B$3:$C$9,2,1) -> 20-30 | O66: -2443 | P66: =IF(O66<=0,ABS(O66)/365.25,0) -> 6.6885695 | Q66: =IF($O66>0,"Unemployed","Employed") -> Employed | R66: 1 | S66: 0 | T66: 0 | U66: 0 | V66: High skill tech staff | W66: 2
A67: 5009346 | B67: M | C67: Y | D67: N | E67: 0 | F67: 252000 | G67: Working | H67: Secondary / secondary special | I67: Married | J67: House / apartment | K67: =TODAY()+($L67) -> 35011 | L67: -10750 | M67: =(TODAY()-K67)/365.25 -> 29.431896 | N67: =VLOOKUP(Data!M67,temp!$B$3:$C$9,2,1) -> 20-30 | O67: -2443 | P67: =IF(O67<=0,ABS(O67)/365.25,0) -> 6.6885695 | Q67: =IF($O67>0,"Unemployed","Employed") -> Employed | R67: 1 | S67: 0 | T67: 0 | U67: 0 | V67: High skill tech staff | W67: 2
A68: 5009369 | B68: M | C68: Y | D68: N | E68: 0 | F68: 115290 | G68: Pensioner | H68: Secondary / secondary special | I68: Married | J68: House / apartment | K68: =TODAY()+($L68) -> 22574 | L68: -23187 | M68: =(TODAY()-K68)/365.25 -> 63.482546 | N68: =VLOOKUP(Data!M68,temp!$B$3:$C$9,2,1) -> 60-70 | O68: 365243 | P68: =IF(O68<=0,ABS(O68)/365.25,0) -> 0 | Q68: =IF($O68>0,"Unemployed","Employed") -> Unemployed | R68: 1 | S68: 0 | T68: 1 | U68: 1 | W68: 2
A69: 5009378 | B69: F | C69: N | D69: N | E69: 2 | F69: 225000 | G69: Working | H69: Higher education | I69: Married | J69: House / apartment | K69: =TODAY()+($L69) -> 34480 | L69: -11281 | M69: =(TODAY()-K69)/365.25 -> 30.885695 | N69: =VLOOKUP(Data!M69,temp!$B$3:$C$9,2,1) -> 30-40 | O69: -1744 | P69: =IF(O69<=0,ABS(O69)/365.25,0) -> 4.7748118 | Q69: =IF($O69>0,"Unemployed","Employed") -> Employed | R69: 1 | S69: 1 | T69: 0 | U69: 1 | V69: Core staff | W69: 4
A70: 5009380 | B70: M | C70: Y | D70: N | E70: 1 | F70: 135000 | G70: Working | H70: Secondary / secondary special | I70: Married | J70: House / apartment | K70: =TODAY()+($L70) -> 36331 | L70: -9430 | M70: =(TODAY()-K70)/365.25 -> 25.817933 | N70: =VLOOKUP(Data!M70,temp!$B$3:$C$9,2,1) -> 20-30 | O70: -1195 | P70: =IF(O70<=0,ABS(O70)/365.25,0) -> 3.2717317 | Q70: =IF($O70>0,"Unemployed","Employed") -> Employed | R70: 1 | S70: 1 | T70: 0 | U70: 0 | V70: Sales staff | W70: 3
A71: 5009395 | B71: M | C71: N | D71: N | E71: 0 | F71: 279000 | G71: State servant | H71: Higher education | I71: Single / not married | J71: House / apartment | K71: =TODAY()+($L71) -> 34719 | L71: -11042 | M71: =(TODAY()-K71)/365.25 -> 30.231348 | N71: =VLOOKUP(Data!M71,temp!$B$3:$C$9,2,1) -> 30-40 | O71: -3174 | P71: =IF(O71<=0,ABS(O71)/365.25,0) -> 8.6899384 | Q71: =IF($O71>0,"Unemployed","Employed") -> Employed | R71: 1 | S71: 0 | T71: 0 | U71: 0 | V71: Core staff | W71: 1
A72: 5009396 | B72: F | C72: N | D72: N | E72: 1 | F72: 76500 | G72: Working | H72: Higher education | I72: Civil marriage | J72: House / apartment | K72: =TODAY()+($L72) -> 33255 | L72: -12506 | M72: =(TODAY()-K72)/365.25 -> 34.239562 | N72: =VLOOKUP(Data!M72,temp!$B$3:$C$9,2,1) -> 30-40 | O72: -495 | P72: =IF(O72<=0,ABS(O72)/365.25,0) -> 1.3552361 | Q72: =IF($O72>0,"Unemployed","Employed") -> Employed | R72: 1 | S72: 1 | T72: 0 | U72: 0 | V72: Accountants | W72: 3
A73: 5009419 | B73: F | C73: N | D73: N | E73: 0 | F73: 90000 | G73: Working | H73: Secondary / secondary special | I73: Single / not married | J73: House / apartment | K73: =TODAY()+($L73) -> 26457 | L73: -19304 | M73: =(TODAY()-K73)/365.25 -> 52.851472 | N73: =VLOOKUP(Data!M73,temp!$B$3:$C$9,2,1) -> 50-60 | O73: -464 | P73: =IF(O73<=0,ABS(O73)/365.25,0) -> 1.2703628 | Q73: =IF($O73>0,"Unemployed","Employed") -> Employed | R73: 1 | S73: 1 | T73: 1 | U73: 0 | V73: Core staff | W73: 1
A74: 5009421 | B74: F | C74: N | D74: N | E74: 0 | F74: 90000 | G74: Working | H74: Secondary / secondary special | I74: Single / not married | J74: House / apartment | K74: =TODAY()+($L74) -> 26457 | L74: -19304 | M74: =(TODAY()-K74)/365.25 -> 52.851472 | N74: =VLOOKUP(Data!M74,temp!$B$3:$C$9,2,1) -> 50-60 | O74: -464 | P74: =IF(O74<=0,ABS(O74)/365.25,0) -> 1.2703628 | Q74: =IF($O74>0,"Unemployed","Employed") -> Employed | R74: 1 | S74: 1 | T74: 1 | U74: 0 | V74: Core staff | W74: 1
A75: 5009437 | B75: F | C75: N | D75: N | E75: 0 | F75: 76500 | G75: Pensioner | H75: Secondary / secondary special | I75: Married | J75: House / apartment | K75: =TODAY()+($L75) -> 22281 | L75: -23480 | M75: =(TODAY()-K75)/365.25 -> 64.284736 | N75: =VLOOKUP(Data!M75,temp!$B$3:$C$9,2,1) -> 60-70 | O75: 365243 | P75: =IF(O75<=0,ABS(O75)/365.25,0) -> 0 | Q75: =IF($O75>0,"Unemployed","Employed") -> Unemployed | R75: 1 | S75: 0 | T75: 0 | U75: 0 | W75: 2
A76: 5009439 | B76: F | C76: N | D76: N | E76: 0 | F76: 76500 | G76: Pensioner | H76: Secondary / secondary special | I76: Married | J76: House / apartment | K76: =TODAY()+($L76) -> 22281 | L76: -23480 | M76: =(TODAY()-K76)/365.25 -> 64.284736 | N76: =VLOOKUP(Data!M76,temp!$B$3:$C$9,2,1) -> 60-70 | O76: 365243 | P76: =IF(O76<=0,ABS(O76)/365.25,0) -> 0 | Q76: =IF($O76>0,"Unemployed","Employed") -> Unemployed | R76: 1 | S76: 0 | T76: 0 | U76: 0 | W76: 2
A77: 5009452 | B77: F | C77: N | D77: N | E77: 0 | F77: 202500 | G77: State servant | H77: Higher education | I77: Married | J77: House / apartment | K77: =TODAY()+($L77) -> 28487 | L77: -17274 | M77: =(TODAY()-K77)/365.25 -> 47.293634 | N77: =VLOOKUP(Data!M77,temp!$B$3:$C$9,2,1) -> 40-50 | O77: -1348 | P77: =IF(O77<=0,ABS(O77)/365.25,0) -> 3.6906229 | Q77: =IF($O77>0,"Unemployed","Employed") -> Employed | R77: 1 | S77: 0 | T77: 1 | U77: 0 | V77: Laborers | W77: 2
A78: 5009455 | B78: F | C78: N | D78: N | E78: 0 | F78: 202500 | G78: State servant | H78: Higher education | I78: Married | J78: House / apartment | K78: =TODAY()+($L78) -> 28487 | L78: -17274 | M78: =(TODAY()-K78)/365.25 -> 47.293634 | N78: =VLOOKUP(Data!M78,temp!$B$3:$C$9,2,1) -> 40-50 | O78: -1348 | P78: =IF(O78<=0,ABS(O78)/365.25,0) -> 3.6906229 | Q78: =IF($O78>0,"Unemployed","Employed") -> Employed | R78: 1 | S78: 0 | T78: 1 | U78: 0 | V78: Laborers | W78: 2
A79: 5009457 | B79: F | C79: N | D79: N | E79: 0 | F79: 202500 | G79: State servant | H79: Higher education | I79: Married | J79: House / apartment | K79: =TODAY()+($L79) -> 28487 | L79: -17274 | M79: =(TODAY()-K79)/365.25 -> 47.293634 | N79: =VLOOKUP(Data!M79,temp!$B$3:$C$9,2,1) -> 40-50 | O79: -1348 | P79: =IF(O79<=0,ABS(O79)/365.25,0) -> 3.6906229 | Q79: =IF($O79>0,"Unemployed","Employed") -> Employed | R79: 1 | S79: 0 | T79: 1 | U79: 0 | V79: Laborers | W79: 2
A80: 5009492 | B80: M | C80: Y | D80: N | E80: 0 | F80: 135000 | G80: Commercial associate | H80: Secondary / secondary special | I80: Married | J80: House / apartment | K80: =TODAY()+($L80) -> 29565 | L80: -16196 | M80: =(TODAY()-K80)/365.25 -> 44.342231 | N80: =VLOOKUP(Data!M80,temp!$B$3:$C$9,2,1) -> 40-50 | O80: -6218 | P80: =IF(O80<=0,ABS(O80)/365.25,0) -> 17.023956 | Q80: =IF($O80>0,"Unemployed","Employed") -> Employed | R80: 1 | S80: 1 | T80: 1 | U80: 0 | V80: Laborers | W80: 2
A81: 5009529 | B81: F | C81: Y | D81: N | E81: 0 | F81: 157500 | G81: Commercial associate | H81: Secondary / secondary special | I81: Married | J81: House / apartment | K81: =TODAY()+($L81) -> 32171 | L81: -13590 | M81: =(TODAY()-K81)/365.25 -> 37.207392 | N81: =VLOOKUP(Data!M81,temp!$B$3:$C$9,2,1) -> 30-40 | O81: -982 | P81: =IF(O81<=0,ABS(O81)/365.25,0) -> 2.6885695 | Q81: =IF($O81>0,"Unemployed","Employed") -> Employed | R81: 1 | S81: 0 | T81: 1 | U81: 0 | W81: 2
A82: 5009531 | B82: F | C82: Y | D82: N | E82: 0 | F82: 157500 | G82: Commercial associate | H82: Secondary / secondary special | I82: Married | J82: House / apartment | K82: =TODAY()+($L82) -> 32171 | L82: -13590 | M82: =(TODAY()-K82)/365.25 -> 37.207392 | N82: =VLOOKUP(Data!M82,temp!$B$3:$C$9,2,1) -> 30-40 | O82: -982 | P82: =IF(O82<=0,ABS(O82)/365.25,0) -> 2.6885695 | Q82: =IF($O82>0,"Unemployed","Employed") -> Employed | R82: 1 | S82: 0 | T82: 1 | U82: 0 | W82: 2
A83: 5009534 | B83: F | C83: Y | D83: N | E83: 0 | F83: 157500 | G83: Commercial associate | H83: Secondary / secondary special | I83: Married | J83: House / apartment | K83: =TODAY()+($L83) -> 32171 | L83: -13590 | M83: =(TODAY()-K83)/365.25 -> 37.207392 | N83: =VLOOKUP(Data!M83,temp!$B$3:$C$9,2,1) -> 30-40 | O83: -982 | P83: =IF(O83<=0,ABS(O83)/365.25,0) -> 2.6885695 | Q83: =IF($O83>0,"Unemployed","Employed") -> Employed | R83: 1 | S83: 0 | T83: 1 | U83: 0 | W83: 2
A84: 5009537 | B84: F | C84: Y | D84: N | E84: 0 | F84: 202500 | G84: Commercial associate | H84: Secondary / secondary special | I84: Married | J84: House / apartment | K84: =TODAY()+($L84) -> 30234 | L84: -15527 | M84: =(TODAY()-K84)/365.25 -> 42.510609 | N84: =VLOOKUP(Data!M84,temp!$B$3:$C$9,2,1) -> 40-50 | O84: -1744 | P84: =IF(O84<=0,ABS(O84)/365.25,0) -> 4.7748118 | Q84: =IF($O84>0,"Unemployed","Employed") -> Employed | R84: 1 | S84: 1 | T84: 1 | U84: 0 | V84: Sales staff | W84: 2
A85: 5009554 | B85: F | C85: N | D85: N | E85: 0 | F85: 198000 | G85: Commercial associate | H85: Secondary / secondary special | I85: Civil marriage | J85: House / apartment | K85: =TODAY()+($L85) -> 26948 | L85: -18813 | M85: =(TODAY()-K85)/365.25 -> 51.507187 | N85: =VLOOKUP(Data!M85,temp!$B$3:$C$9,2,1) -> 50-60 | O85: -9748 | P85: =IF(O85<=0,ABS(O85)/365.25,0) -> 26.688569 | Q85: =IF($O85>0,"Unemployed","Employed") -> Employed | R85: 1 | S85: 0 | T85: 0 | U85: 0 | V85: Laborers | W85: 2
A86: 5009557 | B86: F | C86: N | D86: N | E86: 0 | F86: 198000 | G86: Commercial associate | H86: Secondary / secondary special | I86: Civil marriage | J86: House / apartment | K86: =TODAY()+($L86) -> 26948 | L86: -18813 | M86: =(TODAY()-K86)/365.25 -> 51.507187 | N86: =VLOOKUP(Data!M86,temp!$B$3:$C$9,2,1) -> 50-60 | O86: -9748 | P86: =IF(O86<=0,ABS(O86)/365.25,0) -> 26.688569 | Q86: =IF($O86>0,"Unemployed","Employed") -> Employed | R86: 1 | S86: 0 | T86: 0 | U86: 0 | V86: Laborers | W86: 2
A87: 5009559 | B87: F | C87: N | D87: N | E87: 0 | F87: 198000 | G87: Commercial associate | H87: Secondary / secondary special | I87: Civil marriage | J87: House / apartment | K87: =TODAY()+($L87) -> 26948 | L87: -18813 | M87: =(TODAY()-K87)/365.25 -> 51.507187 | N87: =VLOOKUP(Data!M87,temp!$B$3:$C$9,2,1) -> 50-60 | O87: -9748 | P87: =IF(O87<=0,ABS(O87)/365.25,0) -> 26.688569 | Q87: =IF($O87>0,"Unemployed","Employed") -> Employed | R87: 1 | S87: 0 | T87: 0 | U87: 0 | V87: Laborers | W87: 2
A88: 5009565 | B88: M | C88: Y | D88: N | E88: 0 | F88: 180000 | G88: Working | H88: Secondary / secondary special | I88: Married | J88: House / apartment | K88: =TODAY()+($L88) -> 30608 | L88: -15153 | M88: =(TODAY()-K88)/365.25 -> 41.486653 | N88: =VLOOKUP(Data!M88,temp!$B$3:$C$9,2,1) -> 40-50 | O88: -3143 | P88: =IF(O88<=0,ABS(O88)/365.25,0) -> 8.605065 | Q88: =IF($O88>0,"Unemployed","Employed") -> Employed | R88: 1 | S88: 1 | T88: 1 | U88: 0 | V88: Laborers | W88: 2
A89: 5009574 | B89: M | C89: Y | D89: N | E89: 0 | F89: 180000 | G89: Working | H89: Secondary / secondary special | I89: Married | J89: House / apartment | K89: =TODAY()+($L89) -> 30608 | L89: -15153 | M89: =(TODAY()-K89)/365.25 -> 41.486653 | N89: =VLOOKUP(Data!M89,temp!$B$3:$C$9,2,1) -> 40-50 | O89: -3143 | P89: =IF(O89<=0,ABS(O89)/365.25,0) -> 8.605065 | Q89: =IF($O89>0,"Unemployed","Employed") -> Employed | R89: 1 | S89: 1 | T89: 1 | U89: 0 | V89: Laborers | W89: 2
A90: 5009578 | B90: F | C90: N | D90: N | E90: 0 | F90: 112500 | G90: Pensioner | H90: Secondary / secondary special | I90: Married | J90: House / apartment | K90: =TODAY()+($L90) -> 24445 | L90: -21316 | M90: =(TODAY()-K90)/365.25 -> 58.360027 | N90: =VLOOKUP(Data!M90,temp!$B$3:$C$9,2,1) -> 50-60 | O90: 365243 | P90: =IF(O90<=0,ABS(O90)/365.25,0) -> 0 | Q90: =IF($O90>0,"Unemployed","Employed") -> Unemployed | R90: 1 | S90: 0 | T90: 0 | U90: 0 | W90: 2
A91: 5009580 | B91: F | C91: N | D91: N | E91: 0 | F91: 112500 | G91: Pensioner | H91: Secondary / secondary special | I91: Married | J91: House / apartment | K91: =TODAY()+($L91) -> 24445 | L91: -21316 | M91: =(TODAY()-K91)/365.25 -> 58.360027 | N91: =VLOOKUP(Data!M91,temp!$B$3:$C$9,2,1) -> 50-60 | O91: 365243 | P91: =IF(O91<=0,ABS(O91)/365.25,0) -> 0 | Q91: =IF($O91>0,"Unemployed","Employed") -> Unemployed | R91: 1 | S91: 0 | T91: 0 | U91: 0 | W91: 2
A92: 5009611 | B92: F | C92: N | D92: N | E92: 2 | F92: 144000 | G92: Working | H92: Secondary / secondary special | I92: Married | J92: House / apartment | K92: =TODAY()+($L92) -> 33484 | L92: -12277 | M92: =(TODAY()-K92)/365.25 -> 33.612594 | N92: =VLOOKUP(Data!M92,temp!$B$3:$C$9,2,1) -> 30-40 | O92: -982 | P92: =IF(O92<=0,ABS(O92)/365.25,0) -> 2.6885695 | Q92: =IF($O92>0,"Unemployed","Employed") -> Employed | R92: 1 | S92: 1 | T92: 1 | U92: 0 | V92: High skill tech staff | W92: 4
A93: 5009613 | B93: F | C93: N | D93: N | E93: 2 | F93: 144000 | G93: Working | H93: Secondary / secondary special | I93: Married | J93: House / apartment | K93: =TODAY()+($L93) -> 33484 | L93: -12277 | M93: =(TODAY()-K93)/365.25 -> 33.612594 | N93: =VLOOKUP(Data!M93,temp!$B$3:$C$9,2,1) -> 30-40 | O93: -982 | P93: =IF(O93<=0,ABS(O93)/365.25,0) -> 2.6885695 | Q93: =IF($O93>0,"Unemployed","Employed") -> Employed | R93: 1 | S93: 1 | T93: 1 | U93: 0 | V93: High skill tech staff | W93: 4
A94: 5009648 | B94: M | C94: N | D94: N | E94: 0 | F94: 117000 | G94: Working | H94: Secondary / secondary special | I94: Single / not married | J94: House / apartment | K94: =TODAY()+($L94) -> 31072 | L94: -14689 | M94: =(TODAY()-K94)/365.25 -> 40.21629 | N94: =VLOOKUP(Data!M94,temp!$B$3:$C$9,2,1) -> 40-50 | O94: -3661 | P94: =IF(O94<=0,ABS(O94)/365.25,0) -> 10.023272 | Q94: =IF($O94>0,"Unemployed","Employed") -> Employed | R94: 1 | S94: 1 | T94: 0 | U94: 0 | V94: Low-skill Laborers | W94: 1
A95: 5009661 | B95: M | C95: N | D95: N | E95: 0 | F95: 225000 | G95: Working | H95: Higher education | I95: Single / not married | J95: House / apartment | K95: =TODAY()+($L95) -> 35595 | L95: -10166 | M95: =(TODAY()-K95)/365.25 -> 27.832991 | N95: =VLOOKUP(Data!M95,temp!$B$3:$C$9,2,1) -> 20-30 | O95: -1774 | P95: =IF(O95<=0,ABS(O95)/365.25,0) -> 4.8569473 | Q95: =IF($O95>0,"Unemployed","Employed") -> Employed | R95: 1 | S95: 1 | T95: 0 | U95: 0 | W95: 1
A96: 5009671 | B96: F | C96: N | D96: N | E96: 0 | F96: 135000 | G96: Commercial associate | H96: Secondary / secondary special | I96: Civil marriage | J96: House / apartment | K96: =TODAY()+($L96) -> 29956 | L96: -15805 | M96: =(TODAY()-K96)/365.25 -> 43.271732 | N96: =VLOOKUP(Data!M96,temp!$B$3:$C$9,2,1) -> 40-50 | O96: -433 | P96: =IF(O96<=0,ABS(O96)/365.25,0) -> 1.1854894 | Q96: =IF($O96>0,"Unemployed","Employed") -> Employed | R96: 1 | S96: 1 | T96: 0 | U96: 0 | V96: Core staff | W96: 2
A97: 5009673 | B97: F | C97: N | D97: N | E97: 0 | F97: 90000 | G97: Pensioner | H97: Secondary / secondary special | I97: Widow | J97: House / apartment | K97: =TODAY()+($L97) -> 24073 | L97: -21688 | M97: =(TODAY()-K97)/365.25 -> 59.378508 | N97: =VLOOKUP(Data!M97,temp!$B$3:$C$9,2,1) -> 50-60 | O97: 365243 | P97: =IF(O97<=0,ABS(O97)/365.25,0) -> 0 | Q97: =IF($O97>0,"Unemployed","Employed") -> Unemployed | R97: 1 | S97: 0 | T97: 1 | U97: 0 | W97: 1
A98: 5009678 | B98: F | C98: N | D98: N | E98: 0 | F98: 90000 | G98: Pensioner | H98: Secondary / secondary special | I98: Widow | J98: House / apartment | K98: =TODAY()+($L98) -> 24073 | L98: -21688 | M98: =(TODAY()-K98)/365.25 -> 59.378508 | N98: =VLOOKUP(Data!M98,temp!$B$3:$C$9,2,1) -> 50-60 | O98: 365243 | P98: =IF(O98<=0,ABS(O98)/365.25,0) -> 0 | Q98: =IF($O98>0,"Unemployed","Employed") -> Unemployed | R98: 1 | S98: 0 | T98: 1 | U98: 0 | W98: 1
A99: 5009685 | B99: F | C99: N | D99: N | E99: 0 | F99: 90000 | G99: Pensioner | H99: Secondary / secondary special | I99: Widow | J99: House / apartment | K99: =TODAY()+($L99) -> 24073 | L99: -21688 | M99: =(TODAY()-K99)/365.25 -> 59.378508 | N99: =VLOOKUP(Data!M99,temp!$B$3:$C$9,2,1) -> 50-60 | O99: 365243 | P99: =IF(O99<=0,ABS(O99)/365.25,0) -> 0 | Q99: =IF($O99>0,"Unemployed","Employed") -> Unemployed | R99: 1 | S99: 0 | T99: 1 | U99: 0 | W99: 1
A100: 5009689 | B100: F | C100: N | D100: N | E100: 0 | F100: 153000 | G100: Pensioner | H100: Secondary / secondary special | I100: Separated | J100: House / apartment | K100: =TODAY()+($L100) -> 22462 | L100: -23299 | M100: =(TODAY()-K100)/365.25 -> 63.789185 | N100: =VLOOKUP(Data!M100,temp!$B$3:$C$9,2,1) -> 60-70 | O100: 365243 | P100: =IF(O100<=0,ABS(O100)/365.25,0) -> 0 | Q100: =IF($O100>0,"Unemployed","Employed") -> Unemployed | R100: 1 | S100: 0 | T100: 1 | U100: 0 | W100: 1
A101: 5009695 | B101: M | C101: Y | D101: N | E101: 0 | F101: 1350000 | G101: Commercial associate | H101: Higher education | I101: Married | J101: Municipal apartment | K101: =TODAY()+($L101) -> 32762 | L101: -12999 | M101: =(TODAY()-K101)/365.25 -> 35.589322 | N101: =VLOOKUP(Data!M101,temp!$B$3:$C$9,2,1) -> 30-40 | O101: -1560 | P101: =IF(O101<=0,ABS(O101)/365.25,0) -> 4.2710472 | Q101: =IF($O101>0,"Unemployed","Employed") -> Employed | R101: 1 | S101: 0 | T101: 1 | U101: 1 | V101: Managers | W101: 2
A102: 5009725 | B102: F | C102: N | D102: N | E102: 0 | F102: 135000 | G102: Working | H102: Higher education | I102: Married | J102: House / apartment | K102: =TODAY()+($L102) -> 35874 | L102: -9887 | M102: =(TODAY()-K102)/365.25 -> 27.069131 | N102: =VLOOKUP(Data!M102,temp!$B$3:$C$9,2,1) -> 20-30 | O102: -2474 | P102: =IF(O102<=0,ABS(O102)/365.25,0) -> 6.7734428 | Q102: =IF($O102>0,"Unemployed","Employed") -> Employed | R102: 1 | S102: 0 | T102: 1 | U102: 0 | V102: Sales staff | W102: 2
A103: 5009733 | B103: F | C103: Y | D103: N | E103: 0 | F103: 270000 | G103: Commercial associate | H103: Higher education | I103: Married | J103: House / apartment | K103: =TODAY()+($L103) -> 26420 | L103: -19341 | M103: =(TODAY()-K103)/365.25 -> 52.952772 | N103: =VLOOKUP(Data!M103,temp!$B$3:$C$9,2,1) -> 50-60 | O103: -7314 | P103: =IF(O103<=0,ABS(O103)/365.25,0) -> 20.024641 | Q103: =IF($O103>0,"Unemployed","Employed") -> Employed | R103: 1 | S103: 1 | T103: 1 | U103: 0 | V103: Managers | W103: 2
A104: 5009739 | B104: F | C104: Y | D104: N | E104: 0 | F104: 99000 | G104: Working | H104: Secondary / secondary special | I104: Married | J104: House / apartment | K104: =TODAY()+($L104) -> 31104 | L104: -14657 | M104: =(TODAY()-K104)/365.25 -> 40.128679 | N104: =VLOOKUP(Data!M104,temp!$B$3:$C$9,2,1) -> 40-50 | O104: -4392 | P104: =IF(O104<=0,ABS(O104)/365.25,0) -> 12.024641 | Q104: =IF($O104>0,"Unemployed","Employed") -> Employed | R104: 1 | S104: 1 | T104: 1 | U104: 0 | V104: Core staff | W104: 2
A105: 5009751 | B105: F | C105: Y | D105: N | E105: 0 | F105: 315000 | G105: Commercial associate | H105: Higher education | I105: Married | J105: House / apartment | K105: =TODAY()+($L105) -> 32204 | L105: -13557 | M105: =(TODAY()-K105)/365.25 -> 37.117043 | N105: =VLOOKUP(Data!M105,temp!$B$3:$C$9,2,1) -> 30-40 | O105: -586 | P105: =IF(O105<=0,ABS(O105)/365.25,0) -> 1.6043806 | Q105: =IF($O105>0,"Unemployed","Employed") -> Employed | R105: 1 | S105: 1 | T105: 1 | U105: 0 | W105: 2
A106: 5009758 | B106: M | C106: Y | D106: N | E106: 0 | F106: 270000 | G106: Working | H106: Higher education | I106: Single / not married | J106: House / apartment | K106: =TODAY()+($L106) -> 36674 | L106: -9087 | M106: =(TODAY()-K106)/365.25 -> 24.87885 | N106: =VLOOKUP(Data!M106,temp!$B$3:$C$9,2,1) -> 20-30 | O106: -1682 | P106: =IF(O106<=0,ABS(O106)/365.25,0) -> 4.605065 | Q106: =IF($O106>0,"Unemployed","Employed") -> Employed | R106: 1 | S106: 0 | T106: 0 | U106: 0 | V106: Laborers | W106: 1
A107: 5009762 | B107: M | C107: N | D107: N | E107: 0 | F107: 135000 | G107: Working | H107: Secondary / secondary special | I107: Separated | J107: House / apartment | K107: =TODAY()+($L107) -> 31643 | L107: -14118 | M107: =(TODAY()-K107)/365.25 -> 38.652977 | N107: =VLOOKUP(Data!M107,temp!$B$3:$C$9,2,1) -> 30-40 | O107: -3174 | P107: =IF(O107<=0,ABS(O107)/365.25,0) -> 8.6899384 | Q107: =IF($O107>0,"Unemployed","Employed") -> Employed | R107: 1 | S107: 0 | T107: 0 | U107: 0 | V107: Laborers | W107: 1
...

Sheet temp
B1: AGE | C1: AGE RANGE
B3: 10 | C3: 10-20
B4: 20 | C4: 20-30
B5: 30 | C5: 30-40
B6: 40 | C6: 40-50
B7: 50 | C7: 50-60
B8: 60 | C8: 60-70
B9: 70 | C9: 70-80

Sheet Pivot table 1
A3: Count of CODE_GENDER | B3: Gender
A4: Age Group | B4: F | C4: M | D4: Grand Total
A5: 20-30 | B5: 314 | C5: 326 | D5: 640
A6: 30-40 | B6: 863 | C6: 465 | D6: 1328
A7: 40-50 | B7: 789 | C7: 392 | D7: 1181
A8: 50-60 | B8: 757 | C8: 241 | D8: 998
A9: 60-70 | B9: 351 | C9: 84 | D9: 435
A10: Grand Total | B10: 3074 | C10: 1508 | D10: 4582

Sheet Pivot table 2
A4: Count of CODE_GENDER | B4: Gender
A5: Education type | B5: F | C5: M | D5: Grand Total
A6: Academic degree | B6: 4 | D6: 4
A7: Higher education | B7: 852 | C7: 387 | D7: 1239
A8: Incomplete higher | B8: 106 | C8: 75 | D8: 181
A9: Lower secondary | B9: 40 | C9: 14 | D9: 54
A10: Secondary / secondary special | B10: 2072 | C10: 1032 | D10: 3104
A11: Grand Total | B11: 3074 | C11: 1508 | D11: 4582

Sheet Pivot table_3
A3: Employment Status | B3: Count of ID
A4: Employed | B4: 3854
A5: Unemployed | B5: 728
A6: Grand Total | B6: 4582

Sheet Pivot table 4
A3: Average of AMT_INCOME_TOTAL | B3: Count of fam members
A4: Name Income Type | B4: 1 | C4: 2 | D4: 3 | E4: 4 | F4: 5 | G4: 6 | H4: 7 | I4: Grand Total
A5: Commercial associate | B5: 222994.34 | C5: 215747.79 | D5: 210988.12 | E5: 191927.42 | F5: 127350 | G5: 150000 | I5: 212983.32
A6: Pensioner | B6: 148699.76 | C6: 144677 | D6: 167135.29 | E6: 111500 | F6: 292500 | I6: 146530.68
A7: State servant | B7: 191700 | C7: 200086.14 | D7: 217269.23 | E7: 232402.5 | F7: 123500 | G7: 202500 | I7: 205334.41
A8: Student | D8: 112500 | I8: 112500
A9: Working | B9: 179637.87 | C9: 187060.04 | D9: 183282.14 | E9: 177390 | F9: 158958.62 | G9: 162000 | H9: 135000 | I9: 183530.63
A10: Grand Total | B10: 182670.33 | C10: 186140.29 | D10: 194163.24 | E10: 187488.81 | F10: 154358.82 | G10: 171500 | H10: 135000 | I10: 186629.92

Sheet Pivot table 5
A3: Housing Type | B3: Count of CNT_FAM_MEMBERS
A4: Co-op apartment | B4: 23
A5: House / apartment | B5: 4081
A6: Municipal apartment | B6: 144
A7: Office apartment | B7: 36
A8: Rented apartment | B8: 78
A9: With parents | B9: 220
A10: Grand Total | B10: 4582

Sheet Pivot table 6
A3: Count of EMPLOYMENT_STATUS | B3: Emp Status
A4: Family Status | B4: Employed | C4: Unemployed | D4: Grand Total
A5: Civil marriage | B5: 328 | C5: 39 | D5: 367
A6: Married | B6: 2681 | C6: 484 | D6: 3165
A7: Separated | B7: 189 | C7: 31 | D7: 220
A8: Single / not married | B8: 556 | C8: 75 | D8: 631
A9: Widow | B9: 100 | C9: 99 | D9: 199
A10: Grand Total | B10: 3854 | C10: 728 | D10: 4582

Sheet Add inf
A2: STEPS | D2: KPIs (Key Performance Indicators)
B3: 1) | C3: Explaining the data set and analysis. | D3: Count of Gender by Age Group.
B4: 2) | C4: Identifying KPIs. | D4: Count of Gender by Education Status.
B5: 3) | C5: Creating dashboard. | D5: Count of Employed and Unemployed.
B6: 4) | C6: Sharing actionable business insights. | D6: Average Total Income Acc to Income type and and Count of Family members.
D7: Count of Family members Acc to Housing type.
D8: Employment and Unemployment according to Name Family Status.

Sheet DASH BOARD
A1: XYZ COMPANY
